timeStamp,elapsed,label,responseCode,responseMessage,threadName,dataType,success,failureMessage,bytes,sentBytes,grpThreads,allThreads,URL,Latency,IdleTime,Connect
1730424294348,2953,HTTP Request,429,Too many requests,users 1-2,text,false,Test failed: code expected to match /200/,2784,212,5,5,https://en.wikipedia.org/wiki/Special:UserLogin?centralAuthAutologinTried=1&centralAuthError=Not+centrally+logged+in,2943,0,2306
1730424295345,2126,HTTP Request,200,OK,users 1-3,text,false,Tidy Parser errors: 13 (allowed 0) Tidy Parser warnings: 131 (allowed 1),34855,212,6,6,https://en.wikipedia.org/wiki/Special:UserLogin?centralAuthAutologinTried=1&centralAuthError=Not+centrally+logged+in,1973,0,1309
1730424296338,1468,HTTP Request,429,Too many requests,users 1-4,text,false,Test failed: code expected to match /200/,2653,243,6,6,https://login.wikimedia.org/wiki/Special:CentralAutoLogin/checkLoggedIn?type=redirect&returnUrlToken=019cf12c63982996958830f1cd1744c4&wikiid=enwiki,1468,0,1334
1730424293464,4377,HTTP Request,200,OK,users 1-1,text,false,"The operation lasted too long: It took 4,377 milliseconds, but should not have lasted longer than 3,800 milliseconds.",34855,212,6,6,https://en.wikipedia.org/wiki/Special:UserLogin?centralAuthAutologinTried=1&centralAuthError=Not+centrally+logged+in,4218,0,3190
1730424297337,1171,HTTP Request,429,Too many requests,users 1-5,text,false,Test failed: code expected to match /200/,2653,243,7,7,https://login.wikimedia.org/wiki/Special:CentralAutoLogin/checkLoggedIn?type=redirect&returnUrlToken=43f436ce802d8aebb76aaaeb1f4a8ab6&wikiid=enwiki,1171,0,1093
1730424298444,560,HTTP Request,429,Too many requests,users 1-2,text,false,Test failed: code expected to match /200/,2551,316,7,7,https://login.wikimedia.org/wiki/Special:CentralAutoLogin/checkLoggedIn?type=redirect&returnUrlToken=af97e58d21dce8700100ee7c8e49c8e5&wikiid=enwiki,560,0,0
1730424298820,538,HTTP Request,429,Too many requests,users 1-4,text,false,Test failed: code expected to match /200/,2653,243,8,8,https://login.wikimedia.org/wiki/Special:CentralAutoLogin/checkLoggedIn?type=redirect&returnUrlToken=e251db867cace4fda01dec6c61b8ba37&wikiid=enwiki,538,0,0
1730424298336,1180,HTTP Request,429,Too many requests,users 1-6,text,false,Test failed: code expected to match /200/,2653,243,8,8,https://login.wikimedia.org/wiki/Special:CentralAutoLogin/checkLoggedIn?type=redirect&returnUrlToken=e380622cce1a386ef2f634376e98a027&wikiid=enwiki,1180,0,1107
1730424298560,1202,HTTP Request,200,OK,users 1-3,text,false,Tidy Parser errors: 13 (allowed 0) Tidy Parser warnings: 131 (allowed 1),34360,391,8,8,https://en.wikipedia.org/wiki/Special:UserLogin?centralAuthAutologinTried=1&centralAuthError=Not+centrally+logged+in,1161,0,0
1730424299516,619,HTTP Request,429,Too many requests,users 1-5,text,false,Test failed: code expected to match /200/,2653,243,8,8,https://login.wikimedia.org/wiki/Special:CentralAutoLogin/checkLoggedIn?type=redirect&returnUrlToken=b303d9b186e257190e3ebaaae3264a1d&wikiid=enwiki,619,0,0
1730424298880,1418,HTTP Request,200,OK,users 1-1,text,false,Tidy Parser errors: 13 (allowed 0) Tidy Parser warnings: 131 (allowed 1),34360,391,8,8,https://en.wikipedia.org/wiki/Special:UserLogin?centralAuthAutologinTried=1&centralAuthError=Not+centrally+logged+in,1358,0,0
1730424300015,633,HTTP Request,429,Too many requests,users 1-2,text,false,Test failed: code expected to match /200/,2551,316,9,9,https://login.wikimedia.org/wiki/Special:CentralAutoLogin/checkLoggedIn?type=redirect&returnUrlToken=97fb44d4582e059198f35ecbeb093712&wikiid=enwiki,633,0,0
1730424299330,1387,HTTP Request,429,Too many requests,users 1-7,text,false,Test failed: code expected to match /200/,2653,243,8,8,https://login.wikimedia.org/wiki/Special:CentralAutoLogin/checkLoggedIn?type=redirect&returnUrlToken=5495cde5432a32749f815462f099b485&wikiid=enwiki,1387,0,1318
1730424300363,464,HTTP Request,429,Too many requests,users 1-4,text,false,Test failed: code expected to match /200/,2653,243,8,8,https://login.wikimedia.org/wiki/Special:CentralAutoLogin/checkLoggedIn?type=redirect&returnUrlToken=9a128918bb5a6145b619cb5cbde22d32&wikiid=enwiki,463,0,0
1730424300522,402,HTTP Request,429,Too many requests,users 1-6,text,false,Test failed: code expected to match /200/,2653,243,7,7,https://login.wikimedia.org/wiki/Special:CentralAutoLogin/checkLoggedIn?type=redirect&returnUrlToken=8c6b6f719f8bc8848e6f0aa12bd7531f&wikiid=enwiki,402,0,0
1730424300333,1194,HTTP Request,429,Too many requests,users 1-8,text,false,Test failed: code expected to match /200/,2653,243,8,8,https://login.wikimedia.org/wiki/Special:CentralAutoLogin/checkLoggedIn?type=redirect&returnUrlToken=c29b2716684cf68417a27efb4aca03a7&wikiid=enwiki,1194,0,1099
1730424301144,401,HTTP Request,429,Too many requests,users 1-5,text,false,Test failed: code expected to match /200/,2653,243,8,8,https://login.wikimedia.org/wiki/Special:CentralAutoLogin/checkLoggedIn?type=redirect&returnUrlToken=a57379b9acd058b9e5d5f16107a35f93&wikiid=enwiki,401,0,0
1730424300802,1215,HTTP Request,200,OK,users 1-3,text,false,Tidy Parser errors: 13 (allowed 0) Tidy Parser warnings: 131 (allowed 1),34360,391,7,7,https://en.wikipedia.org/wiki/Special:UserLogin?centralAuthAutologinTried=1&centralAuthError=Not+centrally+logged+in,1188,0,0
1730424301724,590,HTTP Request,429,Too many requests,users 1-7,text,false,Test failed: code expected to match /200/,2653,243,6,6,https://login.wikimedia.org/wiki/Special:CentralAutoLogin/checkLoggedIn?type=redirect&returnUrlToken=1269248f2edc981a0cc74479d97a7fd0&wikiid=enwiki,590,0,0
1730424301312,1293,HTTP Request,200,OK,users 1-1,text,false,Tidy Parser errors: 13 (allowed 0) Tidy Parser warnings: 131 (allowed 1),34360,391,7,7,https://en.wikipedia.org/wiki/Special:UserLogin?centralAuthAutologinTried=1&centralAuthError=Not+centrally+logged+in,1249,0,0
1730424301984,913,HTTP Request,429,Too many requests,users 1-6,text,false,Test failed: code expected to match /200/,2653,243,6,6,https://login.wikimedia.org/wiki/Special:CentralAutoLogin/checkLoggedIn?type=redirect&returnUrlToken=43ba0822d31261ce08fdaa70c33562df&wikiid=enwiki,913,0,0
1730424301327,1776,HTTP Request,429,Too many requests,users 1-9,text,false,Test failed: code expected to match /200/,2653,243,5,5,https://login.wikimedia.org/wiki/Special:CentralAutoLogin/checkLoggedIn?type=redirect&returnUrlToken=27560107b4ca1c38f93e6ae60a16da7d&wikiid=enwiki,1775,0,1569
1730424302534,569,HTTP Request,429,Too many requests,users 1-8,text,false,Test failed: code expected to match /200/,2653,243,5,5,https://login.wikimedia.org/wiki/Special:CentralAutoLogin/checkLoggedIn?type=redirect&returnUrlToken=c9c131f08a65e355b55dfabc47c9df8d&wikiid=enwiki,569,0,0
1730424303326,805,HTTP Request,429,Too many requests,users 1-7,text,false,Test failed: code expected to match /200/,2653,243,6,6,https://login.wikimedia.org/wiki/Special:CentralAutoLogin/checkLoggedIn?type=redirect&returnUrlToken=d98e28d28522056fd6ef237aa753b1bc&wikiid=enwiki,805,0,0
1730424302326,2024,HTTP Request,429,Too many requests,users 1-10,text,false,Test failed: code expected to match /200/,2653,243,6,6,https://login.wikimedia.org/wiki/Special:CentralAutoLogin/checkLoggedIn?type=redirect&returnUrlToken=e5640a2178a97e4e834c3e55ff46ed78&wikiid=enwiki,2024,0,1805
1730424304114,628,HTTP Request,429,Too many requests,users 1-8,text,false,Test failed: code expected to match /200/,2653,243,6,6,https://login.wikimedia.org/wiki/Special:CentralAutoLogin/checkLoggedIn?type=redirect&returnUrlToken=692241c2e50a6ce5c65751c46ec8f007&wikiid=enwiki,628,0,0
1730424304114,630,HTTP Request,429,Too many requests,users 1-9,text,false,Test failed: code expected to match /200/,2653,243,6,6,https://login.wikimedia.org/wiki/Special:CentralAutoLogin/checkLoggedIn?type=redirect&returnUrlToken=01bc9b6edb11b84f9fe1945d0fcf5538&wikiid=enwiki,630,0,0
1730424303328,1725,HTTP Request,429,Too many requests,users 1-11,text,false,Test failed: code expected to match /200/,2653,243,5,5,https://login.wikimedia.org/wiki/Special:CentralAutoLogin/checkLoggedIn?type=redirect&returnUrlToken=8cc07ab6d85ae6382421abec2d595037&wikiid=enwiki,1725,0,1415
1730424305355,813,HTTP Request,429,Too many requests,users 1-10,text,false,Test failed: code expected to match /200/,2653,243,6,6,https://login.wikimedia.org/wiki/Special:CentralAutoLogin/checkLoggedIn?type=redirect&returnUrlToken=1c1885a1d532bd749cec442836e9136d&wikiid=enwiki,813,0,0
1730424304325,1922,HTTP Request,429,Too many requests,users 1-12,text,false,Test failed: code expected to match /200/,2653,243,6,6,https://login.wikimedia.org/wiki/Special:CentralAutoLogin/checkLoggedIn?type=redirect&returnUrlToken=42c88e828bec34b52ff41e57d83e68d6&wikiid=enwiki,1922,0,1843
1730424305751,529,HTTP Request,429,Too many requests,users 1-9,text,false,Test failed: code expected to match /200/,2653,243,6,6,https://login.wikimedia.org/wiki/Special:CentralAutoLogin/checkLoggedIn?type=redirect&returnUrlToken=4da26809f85b735748a54c7af4e8aab5&wikiid=enwiki,529,0,0
1730424306058,627,HTTP Request,429,Too many requests,users 1-11,text,false,Test failed: code expected to match /200/,2653,243,6,6,https://login.wikimedia.org/wiki/Special:CentralAutoLogin/checkLoggedIn?type=redirect&returnUrlToken=4e1b6fc5c82c5ecdb043a4ac344687e2&wikiid=enwiki,627,0,0
1730424305336,1561,HTTP Request,429,Too many requests,users 1-13,text,false,Test failed: code expected to match /200/,2653,243,6,6,https://login.wikimedia.org/wiki/Special:CentralAutoLogin/checkLoggedIn?type=redirect&returnUrlToken=7503b6b8d1eab7a8d7fd5ebfb6b85165&wikiid=enwiki,1561,0,1349
1730424307175,417,HTTP Request,429,Too many requests,users 1-10,text,false,Test failed: code expected to match /200/,2653,243,7,7,https://login.wikimedia.org/wiki/Special:CentralAutoLogin/checkLoggedIn?type=redirect&returnUrlToken=e12310794e8616f27721b7f72b370775&wikiid=enwiki,417,0,0
1730424307254,558,HTTP Request,429,Too many requests,users 1-12,text,false,Test failed: code expected to match /200/,2653,243,6,6,https://login.wikimedia.org/wiki/Special:CentralAutoLogin/checkLoggedIn?type=redirect&returnUrlToken=81106ee0197a58f478048011eac54d30&wikiid=enwiki,558,0,0
1730424306328,1786,HTTP Request,429,Too many requests,users 1-14,text,false,Test failed: code expected to match /200/,2653,243,6,6,https://login.wikimedia.org/wiki/Special:CentralAutoLogin/checkLoggedIn?type=redirect&returnUrlToken=058726a2bf6e78c24f41387abca0ca44&wikiid=enwiki,1786,0,1483
1730424307690,632,HTTP Request,429,Too many requests,users 1-11,text,false,Test failed: code expected to match /200/,2653,243,7,7,https://login.wikimedia.org/wiki/Special:CentralAutoLogin/checkLoggedIn?type=redirect&returnUrlToken=184ca54aa3ae02154900687dbf001f1f&wikiid=enwiki,631,0,0
1730424307903,623,HTTP Request,429,Too many requests,users 1-13,text,false,Test failed: code expected to match /200/,2653,243,6,6,https://login.wikimedia.org/wiki/Special:CentralAutoLogin/checkLoggedIn?type=redirect&returnUrlToken=e02f49b7780cd274bcbd97c7e999e369&wikiid=enwiki,623,0,0
1730424307327,1713,HTTP Request,429,Too many requests,users 1-15,text,false,Test failed: code expected to match /200/,2653,243,6,6,https://login.wikimedia.org/wiki/Special:CentralAutoLogin/checkLoggedIn?type=redirect&returnUrlToken=3f0ed0ca17c6113cd5ce940e7529d0f6&wikiid=enwiki,1712,0,1409
1730424308816,635,HTTP Request,429,Too many requests,users 1-12,text,false,Test failed: code expected to match /200/,2653,243,7,7,https://login.wikimedia.org/wiki/Special:CentralAutoLogin/checkLoggedIn?type=redirect&returnUrlToken=cd5dccd4243284a0401ba48b6473d279&wikiid=enwiki,635,0,0
1730424309121,532,HTTP Request,429,Too many requests,users 1-14,text,false,Test failed: code expected to match /200/,2653,243,6,6,https://login.wikimedia.org/wiki/Special:CentralAutoLogin/checkLoggedIn?type=redirect&returnUrlToken=650a83f3e593c60ba2d2e30c3cf59b92&wikiid=enwiki,531,0,0
1730424309531,631,HTTP Request,429,Too many requests,users 1-13,text,false,Test failed: code expected to match /200/,2653,243,6,6,https://login.wikimedia.org/wiki/Special:CentralAutoLogin/checkLoggedIn?type=redirect&returnUrlToken=1ecba8ae94061fb14d08634b0d02b7fa&wikiid=enwiki,631,0,0
1730424308327,2042,HTTP Request,429,Too many requests,users 1-16,text,false,Test failed: code expected to match /200/,2653,243,6,6,https://login.wikimedia.org/wiki/Special:CentralAutoLogin/checkLoggedIn?type=redirect&returnUrlToken=265ab1291227631ebcec6050f44dee8b&wikiid=enwiki,2042,0,1834
1730424310043,646,HTTP Request,429,Too many requests,users 1-15,text,false,Test failed: code expected to match /200/,2653,243,6,6,https://login.wikimedia.org/wiki/Special:CentralAutoLogin/checkLoggedIn?type=redirect&returnUrlToken=95dd28d866ee2c408ffe684140d2d6c3&wikiid=enwiki,646,0,0
1730424309327,1655,HTTP Request,429,Too many requests,users 1-17,text,false,Test failed: code expected to match /200/,2653,243,6,6,https://login.wikimedia.org/wiki/Special:CentralAutoLogin/checkLoggedIn?type=redirect&returnUrlToken=c3e2f5c5b121f4a58b294a42149114dc&wikiid=enwiki,1655,0,1556
1730424310658,529,HTTP Request,429,Too many requests,users 1-14,text,false,Test failed: code expected to match /200/,2653,243,6,6,https://login.wikimedia.org/wiki/Special:CentralAutoLogin/checkLoggedIn?type=redirect&returnUrlToken=87857ba3fca67743a0a72648aae8a3c9&wikiid=enwiki,528,0,0
1730424311366,748,HTTP Request,429,Too many requests,users 1-16,text,false,Test failed: code expected to match /200/,2653,243,6,6,https://login.wikimedia.org/wiki/Special:CentralAutoLogin/checkLoggedIn?type=redirect&returnUrlToken=8407a9877b8cf4daf1f71f0d1b8158c4&wikiid=enwiki,748,0,0
1730424310327,1991,HTTP Request,429,Too many requests,users 1-18,text,false,Test failed: code expected to match /200/,2653,243,7,7,https://login.wikimedia.org/wiki/Special:CentralAutoLogin/checkLoggedIn?type=redirect&returnUrlToken=17673052624266c377b4897a59d73e46&wikiid=enwiki,1990,0,1787
1730424311694,926,HTTP Request,429,Too many requests,users 1-15,text,false,Test failed: code expected to match /200/,2653,243,7,7,https://login.wikimedia.org/wiki/Special:CentralAutoLogin/checkLoggedIn?type=redirect&returnUrlToken=0e76405d8984c40ae889bbc387f4a798&wikiid=enwiki,926,0,0
1730424311987,638,HTTP Request,429,Too many requests,users 1-17,text,false,Test failed: code expected to match /200/,2653,243,6,6,https://login.wikimedia.org/wiki/Special:CentralAutoLogin/checkLoggedIn?type=redirect&returnUrlToken=9418fb4a97dca5f7c202a7fd14a50594&wikiid=enwiki,638,0,0
1730424311327,2115,HTTP Request,429,Too many requests,users 1-19,text,false,Test failed: code expected to match /200/,2653,243,7,7,https://login.wikimedia.org/wiki/Special:CentralAutoLogin/checkLoggedIn?type=redirect&returnUrlToken=ade67d0c39ef3aa4657801dc59e4a793&wikiid=enwiki,2115,0,1819
1730424313118,631,HTTP Request,429,Too many requests,users 1-16,text,false,Test failed: code expected to match /200/,2653,243,7,7,https://login.wikimedia.org/wiki/Special:CentralAutoLogin/checkLoggedIn?type=redirect&returnUrlToken=f32e2f8ed7b201452cf58044da68f214&wikiid=enwiki,631,0,0
1730424313326,3704,HTTP Request,429,Too many requests,users 1-18,text,false,Test failed: code expected to match /200/,2653,243,9,9,https://login.wikimedia.org/wiki/Special:CentralAutoLogin/checkLoggedIn?type=redirect&returnUrlToken=4c89f7b3ad9163758f5fc0a028e2a6d6&wikiid=enwiki,3703,0,0
1730424312328,5086,HTTP Request,429,Too many requests,users 1-20,text,false,Test failed: code expected to match /200/,2653,243,10,10,https://login.wikimedia.org/wiki/Special:CentralAutoLogin/checkLoggedIn?type=redirect&returnUrlToken=abe8681e9d77eb93f22a7fa36088535b&wikiid=enwiki,5086,0,4987
1730424314453,2970,HTTP Request,429,Too many requests,users 1-19,text,false,Test failed: code expected to match /200/,2653,243,10,10,https://login.wikimedia.org/wiki/Special:CentralAutoLogin/checkLoggedIn?type=redirect&returnUrlToken=0e7473a818505a7991fb35b3242fe025&wikiid=enwiki,2969,0,0
1730424313629,4043,HTTP Request,429,Too many requests,users 1-17,text,false,Test failed: code expected to match /200/,2653,243,10,10,https://login.wikimedia.org/wiki/Special:CentralAutoLogin/checkLoggedIn?type=redirect&returnUrlToken=fb416ed0b417ed20d34a901cb52c187f&wikiid=enwiki,4043,0,0
1730424313327,4622,HTTP Request,429,Too many requests,users 1-21,text,false,Test failed: code expected to match /200/,2653,243,9,9,https://login.wikimedia.org/wiki/Special:CentralAutoLogin/checkLoggedIn?type=redirect&returnUrlToken=e6f773ea8c5b47dc20422c89612fc9c4&wikiid=enwiki,4622,0,4457
1730424315321,2973,HTTP Request,429,Too many requests,users 1-23,text,false,Test failed: code expected to match /200/,2653,243,9,9,https://login.wikimedia.org/wiki/Special:CentralAutoLogin/checkLoggedIn?type=redirect&returnUrlToken=da4b509982d219e90d3f502c99d66b11&wikiid=enwiki,2973,0,2628
1730424314327,4110,HTTP Request,429,Too many requests,users 1-22,text,false,Test failed: code expected to match /200/,2653,243,10,10,https://login.wikimedia.org/wiki/Special:CentralAutoLogin/checkLoggedIn?type=redirect&returnUrlToken=30e29c9d88f6fea8d870649e3acda4f9&wikiid=enwiki,4110,0,3968
1730424316335,2111,HTTP Request,429,Too many requests,users 1-24,text,false,Test failed: code expected to match /200/,2653,243,10,10,https://login.wikimedia.org/wiki/Special:CentralAutoLogin/checkLoggedIn?type=redirect&returnUrlToken=715e08ad1de4670232b94f28e2ba8f7b&wikiid=enwiki,2111,0,1960
1730424318034,428,HTTP Request,429,Too many requests,users 1-18,text,false,Test failed: code expected to match /200/,2653,243,10,10,https://login.wikimedia.org/wiki/Special:CentralAutoLogin/checkLoggedIn?type=redirect&returnUrlToken=6e76cc987605c307648f4473fa163e7c&wikiid=enwiki,428,0,0
1730424317333,1747,HTTP Request,429,Too many requests,users 1-25,text,false,Test failed: code expected to match /200/,2653,243,9,9,https://login.wikimedia.org/wiki/Special:CentralAutoLogin/checkLoggedIn?type=redirect&returnUrlToken=58db978840c6218012ab541cd46588fd&wikiid=enwiki,1747,0,1535
1730424318419,663,HTTP Request,429,Too many requests,users 1-19,text,false,Test failed: code expected to match /200/,2653,243,9,9,https://login.wikimedia.org/wiki/Special:CentralAutoLogin/checkLoggedIn?type=redirect&returnUrlToken=8a14ae6debaa1c0651e98b3ed713b5d1&wikiid=enwiki,663,0,0
1730424318419,668,HTTP Request,429,Too many requests,users 1-20,text,false,Test failed: code expected to match /200/,2653,243,8,8,https://login.wikimedia.org/wiki/Special:CentralAutoLogin/checkLoggedIn?type=redirect&returnUrlToken=a4739f20762389a045ff12e66277bd7d&wikiid=enwiki,668,0,0
1730424318955,419,HTTP Request,429,Too many requests,users 1-21,text,false,Test failed: code expected to match /200/,2653,243,9,9,https://login.wikimedia.org/wiki/Special:CentralAutoLogin/checkLoggedIn?type=redirect&returnUrlToken=d0ab8f898015a786ba6b30d56f1f1a91&wikiid=enwiki,418,0,0
1730424318330,1159,HTTP Request,429,Too many requests,users 1-26,text,false,Test failed: code expected to match /200/,2653,243,9,9,https://login.wikimedia.org/wiki/Special:CentralAutoLogin/checkLoggedIn?type=redirect&returnUrlToken=888cf01990ecc29a548ca0880d7cc72d&wikiid=enwiki,1159,0,1050
1730424319307,411,HTTP Request,429,Too many requests,users 1-23,text,false,Test failed: code expected to match /200/,2653,243,9,9,https://login.wikimedia.org/wiki/Special:CentralAutoLogin/checkLoggedIn?type=redirect&returnUrlToken=3de8b361961d3f2cb70b078af49bb290&wikiid=enwiki,411,0,0
1730424319439,419,HTTP Request,429,Too many requests,users 1-22,text,false,Test failed: code expected to match /200/,2653,243,9,9,https://login.wikimedia.org/wiki/Special:CentralAutoLogin/checkLoggedIn?type=redirect&returnUrlToken=03d9f8d33c93143ed47e38b1119b96dd&wikiid=enwiki,419,0,0
1730424319449,423,HTTP Request,429,Too many requests,users 1-24,text,false,Test failed: code expected to match /200/,2653,243,9,9,https://login.wikimedia.org/wiki/Special:CentralAutoLogin/checkLoggedIn?type=redirect&returnUrlToken=c3ee16c355ac9bdc46d318afd7f77464&wikiid=enwiki,423,0,0
1730424319330,912,HTTP Request,429,Too many requests,users 1-27,text,false,Test failed: code expected to match /200/,2653,243,9,9,https://login.wikimedia.org/wiki/Special:CentralAutoLogin/checkLoggedIn?type=redirect&returnUrlToken=252ab8948520b40e1a43cedaeaaaa594&wikiid=enwiki,912,0,845
1730424320085,532,HTTP Request,429,Too many requests,users 1-25,text,false,Test failed: code expected to match /200/,2653,243,10,10,https://login.wikimedia.org/wiki/Special:CentralAutoLogin/checkLoggedIn?type=redirect&returnUrlToken=70c38259a1faa5bc05484bb0cc7cd961&wikiid=enwiki,532,0,0
1730424320092,526,HTTP Request,429,Too many requests,users 1-20,text,false,Test failed: code expected to match /200/,2653,243,10,10,https://login.wikimedia.org/wiki/Special:CentralAutoLogin/checkLoggedIn?type=redirect&returnUrlToken=cef91dcb6fb1dc62f86f55e6944be404&wikiid=enwiki,526,0,0
1730424320376,520,HTTP Request,429,Too many requests,users 1-21,text,false,Test failed: code expected to match /200/,2653,243,9,9,https://login.wikimedia.org/wiki/Special:CentralAutoLogin/checkLoggedIn?type=redirect&returnUrlToken=59d6bc07406649735e849824e9b3c93e&wikiid=enwiki,520,0,0
1730424320496,424,HTTP Request,429,Too many requests,users 1-26,text,false,Test failed: code expected to match /200/,2653,243,8,8,https://login.wikimedia.org/wiki/Special:CentralAutoLogin/checkLoggedIn?type=redirect&returnUrlToken=c1818b5636fce2ff55cc37eae7b8394b&wikiid=enwiki,424,0,0
1730424320722,553,HTTP Request,429,Too many requests,users 1-23,text,false,Test failed: code expected to match /200/,2653,243,8,8,https://login.wikimedia.org/wiki/Special:CentralAutoLogin/checkLoggedIn?type=redirect&returnUrlToken=e9c1e8f816e6483b9c98401710f288a2&wikiid=enwiki,553,0,0
1730424320874,413,HTTP Request,429,Too many requests,users 1-24,text,false,Test failed: code expected to match /200/,2653,243,7,7,https://login.wikimedia.org/wiki/Special:CentralAutoLogin/checkLoggedIn?type=redirect&returnUrlToken=27364d96aadac47c5531e6ae74bfeffa&wikiid=enwiki,413,0,0
1730424320861,569,HTTP Request,429,Too many requests,users 1-22,text,false,Test failed: code expected to match /200/,2653,243,7,7,https://login.wikimedia.org/wiki/Special:CentralAutoLogin/checkLoggedIn?type=redirect&returnUrlToken=49ee19a0bdcea0e7ad38aac7bd4f85fc&wikiid=enwiki,569,0,0
1730424320327,1416,HTTP Request,429,Too many requests,users 1-28,text,false,Test failed: code expected to match /200/,2653,243,6,6,https://login.wikimedia.org/wiki/Special:CentralAutoLogin/checkLoggedIn?type=redirect&returnUrlToken=d129c9819720ccc5a731a896e10c7753&wikiid=enwiki,1416,0,1104
1730424321244,707,HTTP Request,429,Too many requests,users 1-27,text,false,Test failed: code expected to match /200/,2653,243,6,6,https://login.wikimedia.org/wiki/Special:CentralAutoLogin/checkLoggedIn?type=redirect&returnUrlToken=ec3ed92034c0413bc7847133febc77c5&wikiid=enwiki,707,0,0
1730424321620,436,HTTP Request,429,Too many requests,users 1-25,text,false,Test failed: code expected to match /200/,2653,243,6,6,https://login.wikimedia.org/wiki/Special:CentralAutoLogin/checkLoggedIn?type=redirect&returnUrlToken=c7aa175ec22a45df813b6d1c3722d263&wikiid=enwiki,436,0,0
1730424321923,532,HTTP Request,429,Too many requests,users 1-26,text,false,Test failed: code expected to match /200/,2653,243,6,6,https://login.wikimedia.org/wiki/Special:CentralAutoLogin/checkLoggedIn?type=redirect&returnUrlToken=bcde95a77e3a4fd4405bb7c53397a378&wikiid=enwiki,532,0,0
1730424321328,1741,HTTP Request,429,Too many requests,users 1-29,text,false,Test failed: code expected to match /200/,2653,243,5,5,https://login.wikimedia.org/wiki/Special:CentralAutoLogin/checkLoggedIn?type=redirect&returnUrlToken=a532b7008f39cdfea4887c803f33b8e6&wikiid=enwiki,1741,0,1559
1730424322748,535,HTTP Request,429,Too many requests,users 1-28,text,false,Test failed: code expected to match /200/,2653,243,5,5,https://login.wikimedia.org/wiki/Special:CentralAutoLogin/checkLoggedIn?type=redirect&returnUrlToken=a169f3e858b74bc3d904fba5ad76b6f2&wikiid=enwiki,535,0,0
1730424322954,438,HTTP Request,429,Too many requests,users 1-27,text,false,Test failed: code expected to match /200/,2653,243,6,6,https://login.wikimedia.org/wiki/Special:CentralAutoLogin/checkLoggedIn?type=redirect&returnUrlToken=bb6b288c10281e6fd08916a09b4b67eb&wikiid=enwiki,438,0,0
1730424322327,1193,HTTP Request,429,Too many requests,users 1-30,text,false,Test failed: code expected to match /200/,2653,243,5,5,https://login.wikimedia.org/wiki/Special:CentralAutoLogin/checkLoggedIn?type=redirect&returnUrlT